Page Size (bytes),Elapsed Time (seconds)
4,0.000510
8,0.000238
16,0.000133
32,0.000062
64,0.000032
128,0.000016
256,0.000009
512,0.000005
1024,0.000003
2048,0.000002
